{
  "total_mappings": 6400,
  "distance_stats": {
    "mean": 0.020182671355113504,
    "median": 0.001670263729686797,
    "min": 4.34165867004015e-06,
    "max": 0.2550322780381531,
    "std": 0.038716978857401024
  },
  "outliers": 165,
  "unique_nodes_used": 4684,
  "node_usage_max": 157,
  "node_usage_min": 1
}